{
  "project_info": {
    "project_number": "946780382818",
    "project_id": "login-register-firebase-eda69",
    "storage_bucket": "login-register-firebase-eda69.appspot.com"
  },
  "client": [
    {
      "client_info": {
        "mobilesdk_app_id": "1:946780382818:android:30df3b4d9de9ad7d1f533b",
        "android_client_info": {
          "package_name": "com.example.plant2"
        }
      },
      "oauth_client": [],
      "api_key": [
        {
          "current_key": "AIzaSyDKxnw5Br4iNxoS7PJKYzZfWXVVLn8XXYg"
        }
      ],
      "services": {
        "appinvite_service": {
          "other_platform_oauth_client": []
        }
      }
    }
  ],
  "configuration_version": "1"
}